{
  "name": "angular-material",
  "version": "0.9.8",
  "ignore": [],
  "dependencies": {
    "angular": "^1.3.0 || >1.4.0-beta.0",
    "angular-animate": "^1.3.0 || >1.4.0-beta.0",
    "angular-aria": "^1.3.15 || >1.4.0-beta.0"
  },
  "main": [
    "angular-material.js",
    "angular-material.css"
  ],
  "homepage": "https://github.com/angular/bower-material",
  "_release": "0.9.8",
  "_resolution": {
    "type": "version",
    "tag": "v0.9.8",
    "commit": "5f7de8ced18d4663d7a90caecf620fc1f8a66568"
  },
  "_source": "git://github.com/angular/bower-material.git",
  "_target": "^0.9.0",
  "_originalSource": "angular-material"
}