{
  "name": "angular-date-picker",
  "main": [
    "angular-date-picker.js",
    "angular-date-picker.css"
  ],
  "homepage": "https://github.com/myplanet/angular-date-picker",
  "description": "Lightweight Calendar for Angular",
  "authors": [
    "Ates Goral <ates.g@myplanet.com>"
  ],
  "keywords": [
    "angular",
    "calendar",
    "date"
  ],
  "moduleType": [
    "amd",
    "globals",
    "node"
  ],
  "license": "MIT",
  "ignore": [
    "**/.*"
  ],
  "version": "1.3.1",
  "_release": "1.3.1",
  "_resolution": {
    "type": "version",
    "tag": "v1.3.1",
    "commit": "5fab25b32981cfbfaedc1d7ab1a98fcdb250878f"
  },
  "_source": "git://github.com/myplanet/angular-date-picker.git",
  "_target": "~1.3.1",
  "_originalSource": "angular-date-picker",
  "_direct": true
}