{
  "name": "angular-cookies",
  "version": "1.4.5",
  "main": "./angular-cookies.js",
  "ignore": [],
  "dependencies": {
    "angular": "1.4.5"
  },
  "homepage": "https://github.com/angular/bower-angular-cookies",
  "_release": "1.4.5",
  "_resolution": {
    "type": "version",
    "tag": "v1.4.5",
    "commit": "9d4876af74bea267480a21abd30939c955fa55d9"
  },
  "_source": "git://github.com/angular/bower-angular-cookies.git",
  "_target": "~1.4.5",
  "_originalSource": "angular-cookies",
  "_direct": true
}