{
  "name": "angularjs-datepicker",
  "version": "0.2.10",
  "description": "A datepicker directive for angularjs.",
  "authors": [
    "Filippo Oretti <filippo.oretti@gmail.com",
    "Dario Andrei <wouldgo84@gmail.com>"
  ],
  "keywords": [
    "date",
    "datepicker",
    "input",
    "angularjs",
    "angular",
    "input"
  ],
  "main": [
    "./dist/angular-datepicker.min.css",
    "./dist/angular-datepicker.min.js",
    "./dist/angular-datepicker.sourcemap.map"
  ],
  "license": "MIT",
  "homepage": "http://720kb.github.io/angular-datepicker",
  "ignore": [
    "**/.*",
    "node_modules",
    "bower_components",
    "test",
    "tests"
  ],
  "dependencies": {
    "angular": "~1.3.1"
  },
  "_release": "0.2.10",
  "_resolution": {
    "type": "version",
    "tag": "0.2.10",
    "commit": "781f2c92c41692bb6fd888e07c049c4b1dff583f"
  },
  "_source": "git://github.com/720kb/angular-datepicker.git",
  "_target": "~0.2.10",
  "_originalSource": "angularjs-datepicker"
}